KORAD_TIME;LCARD_COMP_TIME;U_a_kV;U_ps_kV;J_uA;;CommandTable
10.470520973205566;10.470520973205566;nan;nan;nan
11.473580598831177;11.473580598831177;nan;nan;nan
