KORAD_TIME;LCARD_CH0MEAN;LCARD_CH1MEAN;LCARD_CH0STD;LCARD_CH1STD;LCARD_CH0MIN;LCARD_CH1MIN;LCARD_CH0MAX;LCARD_CH1MAX;LCARD_COMP_TIME;U_a_kV;U_ps_kV;J_uA;;CommandTable
0.0;0.001500000013038516;0.0016874999273568392;0.001875000074505806;0.002437500050291419;-0.000375000003259629;-0.000750000006519258;0.003375000087544322;0.004124999977648258;0.0019981861114501953;0.006669960187181182;0.006010097015139499;-0.023770417190529882
20.01187014579773;-0.000937500037252903;-0.0003750000614672899;0.002062499988824129;0.002624999964609742;-0.003000000026077032;-0.003000000026077032;0.0011249999515712261;0.0022499999031424522;20.014755487442017;-0.0014822136816888929;-0.003756310751073416;-0.07089965131705067
40.07814860343933;0.003187500173225999;0.003187500173225999;0.003562500234693289;0.002437500050291419;-0.000375000003259629;0.000750000006519258;0.006750000175088644;0.005625000223517418;40.08115315437317;0.012598814913936754;0.01277145674022758;-0.0002413001381135763
